rank,site_start,site_end,aso_5to3,gc_pct,accessibility,hybrid_dG,self_mfe,flags,score
1,1068,1087,GTGCTAGACTGACCGTGATC,55.0,0.565,-38.4,0.0,,78.6
2,1066,1085,GCTAGACTGACCGTGATCTG,55.0,0.557,-38.3,0.0,,78.1
3,1071,1090,CCTGTGCTAGACTGACCGTG,60.0,0.469,-40.0,0.0,,77.3
4,1070,1089,CTGTGCTAGACTGACCGTGA,55.0,0.516,-38.6,0.0,,77.0
5,1072,1091,CCCTGTGCTAGACTGACCGT,60.0,0.42,-40.7,0.0,,76.5
6,1065,1084,CTAGACTGACCGTGATCTGT,50.0,0.586,-36.6,0.0,,76.5
7,1067,1086,TGCTAGACTGACCGTGATCT,50.0,0.555,-37.3,0.0,,76.4
8,1063,1082,AGACTGACCGTGATCTGTTG,50.0,0.595,-36.2,0.0,,76.3
9,1073,1092,TCCCTGTGCTAGACTGACCG,60.0,0.4,-40.9,0.0,,76.0
10,1069,1088,TGTGCTAGACTGACCGTGAT,50.0,0.553,-37.1,0.0,,76.0
11,1062,1081,GACTGACCGTGATCTGTTGA,50.0,0.554,-36.5,0.0,,75.1
12,1125,1144,GTGTGTAGGCATAGCTCTTG,50.0,0.558,-36.4,0.0,,75.1
13,1064,1083,TAGACTGACCGTGATCTGTT,45.0,0.606,-34.9,0.0,,74.6
14,1110,1129,TCTTGAATCGAGGCTTAGGG,50.0,0.541,-36.3,0.0,,74.3
15,1128,1147,CCTGTGTGTAGGCATAGCTC,55.0,0.44,-38.8,-0.6,,74.2
16,1124,1143,TGTGTAGGCATAGCTCTTGA,45.0,0.558,-35.6,0.0,,73.8
17,1127,1146,CTGTGTGTAGGCATAGCTCT,50.0,0.488,-37.1,-0.2,,73.4
18,1074,1093,ATCCCTGTGCTAGACTGACC,55.0,0.385,-39.6,0.0,,73.3
19,1061,1080,ACTGACCGTGATCTGTTGAG,50.0,0.518,-36.2,0.0,,73.2
20,1111,1130,CTCTTGAATCGAGGCTTAGG,50.0,0.524,-35.6,0.0,,72.5
21,1123,1142,GTGTAGGCATAGCTCTTGAA,45.0,0.547,-35.0,0.0,,72.4
22,1116,1135,CATAGCTCTTGAATCGAGGC,50.0,0.511,-35.9,-0.4,,72.4
23,1058,1077,GACCGTGATCTGTTGAGAAT,45.0,0.578,-34.2,-0.3,,72.4
24,1117,1136,GCATAGCTCTTGAATCGAGG,50.0,0.508,-35.9,0.0,,72.3
25,1081,1100,CTCTCATATCCCTGTGCTAG,50.0,0.466,-36.9,0.0,,72.2
26,1126,1145,TGTGTGTAGGCATAGCTCTT,45.0,0.525,-35.4,0.0,,72.2
27,1084,1103,GTTCTCTCATATCCCTGTGC,50.0,0.465,-36.9,0.0,,72.2
28,1060,1079,CTGACCGTGATCTGTTGAGA,50.0,0.483,-36.4,-0.1,,72.1
29,1112,1131,GCTCTTGAATCGAGGCTTAG,50.0,0.509,-35.7,-0.4,,72.0
30,1056,1075,CCGTGATCTGTTGAGAATAG,45.0,0.593,-33.5,-0.3,,71.9
31,1079,1098,CTCATATCCCTGTGCTAGAC,50.0,0.451,-37.0,0.0,,71.8
32,1054,1073,GTGATCTGTTGAGAATAGTG,40.0,0.646,-32.1,-0.3,,71.7
33,1118,1137,GGCATAGCTCTTGAATCGAG,50.0,0.493,-35.9,0.0,,71.7
34,1080,1099,TCTCATATCCCTGTGCTAGA,45.0,0.481,-36.2,0.0,,71.7
35,1000,1019,GTCACTTTAGGTGGCCTTGG,55.0,0.414,-38.1,-1.2,,71.5
36,1115,1134,ATAGCTCTTGAATCGAGGCT,45.0,0.54,-34.9,-1.2,,71.4
37,1059,1078,TGACCGTGATCTGTTGAGAA,45.0,0.53,-34.8,-0.3,,71.4
38,1075,1094,TATCCCTGTGCTAGACTGAC,50.0,0.411,-37.6,0.0,,71.2
39,1077,1096,CATATCCCTGTGCTAGACTG,50.0,0.449,-36.7,0.0,,71.2
40,1053,1072,TGATCTGTTGAGAATAGTGC,40.0,0.601,-32.8,-0.3,,71.1
41,1114,1133,TAGCTCTTGAATCGAGGCTT,45.0,0.539,-34.7,-1.2,,71.0
42,1082,1101,TCTCTCATATCCCTGTGCTA,45.0,0.461,-36.2,0.0,,70.9
43,1130,1149,AGCCTGTGTGTAGGCATAGC,55.0,0.476,-39.3,-3.0,,70.5
44,1113,1132,AGCTCTTGAATCGAGGCTTA,45.0,0.516,-34.7,-1.1,,70.4
45,1121,1140,GTAGGCATAGCTCTTGAATC,45.0,0.512,-34.6,0.0,,70.4
46,1083,1102,TTCTCTCATATCCCTGTGCT,45.0,0.458,-35.9,0.0,,70.3
47,1085,1104,AGTTCTCTCATATCCCTGTG,45.0,0.484,-35.1,0.0,,70.1
48,1057,1076,ACCGTGATCTGTTGAGAATA,40.0,0.586,-32.6,-0.3,,70.1
49,1078,1097,TCATATCCCTGTGCTAGACT,45.0,0.45,-36.0,0.0,,70.1
50,1131,1150,CAGCCTGTGTGTAGGCATAG,55.0,0.493,-38.5,-3.0,,69.9
51,1076,1095,ATATCCCTGTGCTAGACTGA,45.0,0.444,-36.0,0.0,,69.9
52,1055,1074,CGTGATCTGTTGAGAATAGT,40.0,0.601,-31.9,-0.3,,69.6
53,1052,1071,GATCTGTTGAGAATAGTGCA,40.0,0.556,-32.8,-0.3,,69.3
54,1122,1141,TGTAGGCATAGCTCTTGAAT,40.0,0.531,-33.3,0.0,,69.1
55,1120,1139,TAGGCATAGCTCTTGAATCG,45.0,0.49,-34.3,0.0,,69.0
56,1119,1138,AGGCATAGCTCTTGAATCGA,45.0,0.463,-34.9,0.0,,68.9
57,1129,1148,GCCTGTGTGTAGGCATAGCT,55.0,0.438,-39.3,-3.1,,68.7
58,1087,1106,GAAGTTCTCTCATATCCCTG,45.0,0.46,-34.6,0.0,,68.3
59,1109,1128,CTTGAATCGAGGCTTAGGGG,55.0,0.573,-37.7,0.0,GGGG,67.8
60,1108,1127,TTGAATCGAGGCTTAGGGGA,50.0,0.597,-37.1,0.0,GGGG,67.8
61,1106,1125,GAATCGAGGCTTAGGGGAAG,55.0,0.557,-38.0,0.0,GGGG,67.6
62,1092,1111,GGGAAGAAGTTCTCTCATAT,40.0,0.502,-32.9,-0.4,,67.3
63,1086,1105,AAGTTCTCTCATATCCCTGT,40.0,0.481,-33.4,0.0,,67.2
64,1102,1121,CGAGGCTTAGGGGAAGAAGT,55.0,0.527,-38.3,-0.1,GGGG,66.9
65,1103,1122,TCGAGGCTTAGGGGAAGAAG,55.0,0.514,-38.5,-0.1,GGGG,66.7
66,1107,1126,TGAATCGAGGCTTAGGGGAA,50.0,0.57,-37.1,0.0,GGGG,66.7
67,1001,1020,AGTCACTTTAGGTGGCCTTG,50.0,0.383,-36.4,-1.6,,66.3
68,1003,1022,TTAGTCACTTTAGGTGGCCT,45.0,0.426,-35.2,-1.6,,66.1
69,1091,1110,GGAAGAAGTTCTCTCATATC,40.0,0.485,-32.5,-0.2,,65.9
70,1088,1107,AGAAGTTCTCTCATATCCCT,40.0,0.432,-33.6,0.0,,65.6
71,1002,1021,TAGTCACTTTAGGTGGCCTT,45.0,0.415,-35.1,-1.6,,65.5
72,1090,1109,GAAGAAGTTCTCTCATATCC,40.0,0.469,-32.5,-0.1,,65.3
73,1099,1118,GGCTTAGGGGAAGAAGTTCT,50.0,0.546,-36.8,-0.2,GGGG,65.3
74,1105,1124,AATCGAGGCTTAGGGGAAGA,50.0,0.536,-37.0,-0.1,GGGG,65.2
75,1004,1023,TTTAGTCACTTTAGGTGGCC,45.0,0.43,-34.5,-1.6,,65.1
76,1100,1119,AGGCTTAGGGGAAGAAGTTC,50.0,0.538,-36.8,-0.1,GGGG,64.9
77,1101,1120,GAGGCTTAGGGGAAGAAGTT,50.0,0.536,-36.8,-0.1,GGGG,64.9
78,1089,1108,AAGAAGTTCTCTCATATCCC,40.0,0.435,-32.9,0.0,,64.6
79,1104,1123,ATCGAGGCTTAGGGGAAGAA,50.0,0.515,-37.1,-0.1,GGGG,64.5
80,1098,1117,GCTTAGGGGAAGAAGTTCTC,50.0,0.515,-36.4,-0.4,GGGG,63.4
81,1005,1024,CTTTAGTCACTTTAGGTGGC,45.0,0.399,-33.7,-1.6,,62.6
82,1006,1025,TCTTTAGTCACTTTAGGTGG,40.0,0.405,-32.2,-1.1,,62.0
83,1095,1114,TAGGGGAAGAAGTTCTCTCA,45.0,0.508,-35.6,-0.4,GGGG,61.8
84,1096,1115,TTAGGGGAAGAAGTTCTCTC,45.0,0.505,-35.0,-0.4,GGGG,60.7
85,1094,1113,AGGGGAAGAAGTTCTCTCAT,45.0,0.486,-35.4,-0.4,GGGG,60.6
86,1093,1112,GGGGAAGAAGTTCTCTCATA,45.0,0.497,-35.1,-0.4,GGGG,60.6
87,1097,1116,CTTAGGGGAAGAAGTTCTCT,45.0,0.502,-34.6,-0.4,GGGG,60.0
88,1051,1070,ATCTGTTGAGAATAGTGCAT,35.0,0.513,-31.0,-0.3,,58.0
89,1050,1069,TCTGTTGAGAATAGTGCATT,35.0,0.473,-30.8,0.0,,56.1
90,1044,1063,GAGAATAGTGCATTTGATGA,35.0,0.453,-30.5,0.0,,54.8
91,1042,1061,GAATAGTGCATTTGATGATG,35.0,0.475,-29.7,0.0,,54.4
92,1009,1028,TCTTCTTTAGTCACTTTAGG,35.0,0.461,-30.0,0.0,,54.3
93,1045,1064,TGAGAATAGTGCATTTGATG,35.0,0.435,-30.2,0.0,,53.6
94,1047,1066,GTTGAGAATAGTGCATTTGA,35.0,0.438,-30.1,0.0,,53.5
95,1049,1068,CTGTTGAGAATAGTGCATTT,35.0,0.447,-29.8,0.0,,53.4
96,1048,1067,TGTTGAGAATAGTGCATTTG,35.0,0.438,-29.8,0.0,,53.1
97,1008,1027,CTTCTTTAGTCACTTTAGGT,35.0,0.439,-29.8,0.0,,53.1
98,1007,1026,TTCTTTAGTCACTTTAGGTG,35.0,0.423,-29.9,-0.9,,52.6
99,1035,1054,GCATTTGATGATGTAACTGA,35.0,0.386,-30.3,0.0,,51.8
100,1036,1055,TGCATTTGATGATGTAACTG,35.0,0.39,-30.0,0.0,,51.5
101,1038,1057,AGTGCATTTGATGATGTAAC,35.0,0.376,-30.1,0.0,,51.1
102,1037,1056,GTGCATTTGATGATGTAACT,35.0,0.37,-30.1,0.0,,50.8
103,1043,1062,AGAATAGTGCATTTGATGAT,30.0,0.479,-28.7,0.0,,46.3
104,1012,1031,TGTTCTTCTTTAGTCACTTT,30.0,0.503,-28.0,0.0,,46.1
105,1040,1059,ATAGTGCATTTGATGATGTA,30.0,0.467,-28.9,0.0,,46.1
106,1041,1060,AATAGTGCATTTGATGATGT,30.0,0.473,-28.5,0.0,,45.7
107,1011,1030,GTTCTTCTTTAGTCACTTTA,30.0,0.499,-27.7,0.0,,45.5
108,1010,1029,TTCTTCTTTAGTCACTTTAG,30.0,0.498,-27.7,0.0,,45.4
109,1013,1032,ATGTTCTTCTTTAGTCACTT,30.0,0.463,-28.2,0.0,,44.8
110,1046,1065,TTGAGAATAGTGCATTTGAT,30.0,0.438,-28.6,0.0,,44.5
111,1029,1048,GATGATGTAACTGAAAATGT,30.0,0.461,-27.9,0.0,,44.3
112,1039,1058,TAGTGCATTTGATGATGTAA,30.0,0.42,-28.8,0.0,,44.1
113,1027,1046,TGATGTAACTGAAAATGTTC,30.0,0.461,-27.7,-0.1,,44.0
114,1026,1045,GATGTAACTGAAAATGTTCT,30.0,0.442,-27.7,-0.3,,43.2
115,1014,1033,AATGTTCTTCTTTAGTCACT,30.0,0.419,-28.2,0.0,,43.1
116,1030,1049,TGATGATGTAACTGAAAATG,30.0,0.428,-27.8,0.0,,42.8
117,1017,1036,GAAAATGTTCTTCTTTAGTC,30.0,0.405,-27.0,-0.2,,40.6
118,1015,1034,AAATGTTCTTCTTTAGTCAC,30.0,0.373,-27.5,0.0,,40.1
119,1019,1038,CTGAAAATGTTCTTCTTTAG,30.0,0.409,-26.6,-0.3,,40.1
120,1024,1043,TGTAACTGAAAATGTTCTTC,30.0,0.366,-27.5,-0.3,,39.8
121,1034,1053,CATTTGATGATGTAACTGAA,30.0,0.342,-27.9,0.0,,39.5
122,1023,1042,GTAACTGAAAATGTTCTTCT,30.0,0.343,-27.5,-0.3,,38.9
123,1028,1047,ATGATGTAACTGAAAATGTT,25.0,0.469,-25.9,0.0,,34.7
124,1018,1037,TGAAAATGTTCTTCTTTAGT,25.0,0.408,-25.7,-0.3,,32.0
125,1020,1039,ACTGAAAATGTTCTTCTTTA,25.0,0.41,-25.7,-0.3,,32.0
126,1031,1050,TTGATGATGTAACTGAAAAT,25.0,0.39,-26.2,0.0,,32.0
127,1025,1044,ATGTAACTGAAAATGTTCTT,25.0,0.405,-25.7,-0.3,,31.8
128,1021,1040,AACTGAAAATGTTCTTCTTT,25.0,0.41,-25.3,-0.3,,31.4
129,1016,1035,AAAATGTTCTTCTTTAGTCA,25.0,0.377,-25.7,0.0,,30.7
130,1022,1041,TAACTGAAAATGTTCTTCTT,25.0,0.369,-25.7,-0.3,,30.4
131,1032,1051,TTTGATGATGTAACTGAAAA,25.0,0.35,-26.1,0.0,,30.3
132,1033,1052,ATTTGATGATGTAACTGAAA,25.0,0.342,-26.2,0.0,,30.1
